Position,Amino Acid,Codon
1,M,ATG
2,S,TCC
3,P,CCT
4,I,ATA
5,L,CTA
6,G,GGT
7,Y,TAT
8,W,TGG
9,K,AAA
10,I,ATT
11,K,AAG
12,G,GGC
13,L,CTT
14,V,GTG
15,Q,CAA
16,P,CCC
17,T,ACT
18,R,CGA
19,L,CTT
20,L,CTT
21,L,TTG
22,E,GAA
23,Y,TAT
24,L,CTT
25,E,GAA
26,E,GAA
27,K,AAA
28,Y,TAT
29,E,GAA
30,E,GAG
31,H,CAT
32,L,TTG
33,Y,TAT
34,E,GAG
35,R,CGC
36,D,GAT
37,E,GAA
38,G,GGT
39,D,GAT
40,K,AAA
41,W,TGG
42,R,CGA
43,N,AAC
44,K,AAA
45,K,AAG
46,F,TTT
47,E,GAA
48,L,TTG
49,G,GGT
50,L,TTG
51,E,GAG
52,F,TTT
53,P,CCC
54,N,AAT
55,L,CTT
56,P,CCT
57,Y,TAT
58,Y,TAT
59,I,ATT
60,D,GAT
61,G,GGT
62,D,GAT
63,V,GTT
64,K,AAA
65,L,TTA
66,T,ACA
67,Q,CAG
68,S,TCT
69,M,ATG
70,A,GCC
71,I,ATC
72,I,ATA
73,R,CGT
74,Y,TAT
75,I,ATA
76,A,GCT
77,D,GAC
78,K,AAG
79,H,CAC
80,N,AAC
81,M,ATG
82,L,TTG
83,G,GGT
84,G,GGT
85,C,TGT
86,P,CCA
87,K,AAA
88,E,GAG
89,R,CGT
90,A,GCA
91,E,GAG
92,I,ATT
93,S,TCA
94,M,ATG
95,L,CTT
96,E,GAA
97,G,GGA
98,A,GCG
99,V,GTT
100,L,TTG
101,D,GAT
102,I,ATT
103,R,AGA
104,Y,TAC
105,G,GGT
106,V,GTT
107,S,TCG
108,R,AGA
109,I,ATT
110,A,GCA
111,Y,TAT
112,S,AGT
113,K,AAA
114,D,GAC
115,F,TTT
116,E,GAA
117,T,ACT
118,L,CTC
119,K,AAA
120,V,GTT
121,D,GAT
122,F,TTT
123,L,CTT
124,S,AGC
125,K,AAG
126,L,CTA
127,P,CCT
128,E,GAA
129,M,ATG
130,L,CTG
131,K,AAA
132,M,ATG
133,F,TTC
134,E,GAA
135,D,GAT
136,R,CGT
137,L,TTA
138,C,TGT
139,H,CAT
140,K,AAA
141,T,ACA
142,Y,TAT
143,L,TTA
144,N,AAT
145,G,GGT
146,D,GAT
147,H,CAT
148,V,GTA
149,T,ACC
150,H,CAT
151,P,CCT
152,D,GAC
153,F,TTC
154,M,ATG
155,L,TTG
156,Y,TAT
157,D,GAC
158,A,GCT
159,L,CTT
160,D,GAT
161,V,GTT
162,V,GTT
163,L,TTA
164,Y,TAC
165,M,ATG
166,D,GAC
167,P,CCA
168,M,ATG
169,C,TGC
170,L,CTG
171,D,GAT
172,A,GCG
173,F,TTC
174,P,CCA
175,K,AAA
176,L,TTA
177,V,GTT
178,C,TGT
179,F,TTT
180,K,AAA
181,K,AAA
182,R,CGT
183,I,ATT
184,E,GAA
185,A,GCT
186,I,ATC
187,P,CCA
188,Q,CAA
189,I,ATT
190,D,GAT
191,K,AAG
192,Y,TAC
193,L,TTG
194,K,AAA
195,S,TCC
196,S,AGC
197,K,AAG
198,Y,TAT
199,I,ATA
200,A,GCA
201,W,TGG
202,P,CCT
203,L,TTG
204,Q,CAG
205,G,GGC
206,W,TGG
207,Q,CAA
208,A,GCC
209,T,ACG
210,F,TTT
211,G,GGT
212,G,GGT
213,G,GGC
214,D,GAC
215,H,CAT
216,P,CCT
217,P,CCA
218,K,AAA
219,S,TCG
220,D,GAT
221,L,CTG
222,V,GTT
223,P,CCG
224,R,CGT
225,G,GGA
226,S,TCC
227,P,CCG
228,E,GAA
229,F,TTC
230,M,ATG
231,R,CGT
232,D,GAC
233,L,CTC
234,G,GGC
235,T,ACC
236,K,AAA
237,M,ATG
238,A,GCC
239,E,GAG
240,L,CTA
241,K,AAA
242,F,TTC
243,E,GAG
244,A,GCT
245,P,CCA
246,L,TTG
247,A,GCA
248,K,AAG
249,F,TTC
250,E,GAG
251,E,GAA
252,T,ACG
253,D,GAC
254,E,GAG
255,W,TGG
256,G,GGC
257,G,GGC
258,C,TGC
259,D,GAC
260,F,TTC
261,I,ATC
262,S,TCG
263,S,AGT
264,Q,CAG
265,N,AAT
266,A,GCC
267,I,ATA
268,N,AAC
269,D,GAC
270,T,ACG
271,L,CTC
272,N,AAC
273,L,CTG
274,N,AAT
275,L,CTG
276,K,AAG
277,D,GAC
278,S,TCC
279,S,TCC
280,A,GCC
281,G,GGC
282,G,GGC
283,K,AAG
284,P,CCG
285,D,GAT
286,A,GCC
287,T,ACC
288,K,AAG
289,L,CTG
290,R,CGG
291,L,CTC
292,L,CTA
293,E,GAG
294,D,GAT
295,A,GCT
296,V,GTA
297,R,CGC
298,D,GAT
299,A,GCG
300,H,CAC
301,V,GTG
302,S,AGC
303,K,AAG
304,N,AAC
305,G,GGA
306,G,GGA
307,G,GGA
308,V,GTA
309,V,GTG
310,G,GGA
311,G,GGA
312,G,GGA
313,A,GCT
314,G,GGC
315,S,TCC
316,I,ATT
317,S,AGC
318,P,CCC
319,N,AAT
320,C,TGC
321,N,AAC
322,T,ACG
323,L,CTC
324,Q,CAG
325,G,GGT
326,G,GGG
327,S,TCG
328,L,CTT
329,I,ATT
330,E,GAA
331,I,ATC
332,G,GGC
333,L,CTG
334,S,TCC
335,D,GAT
336,V,GTG
337,G,GGA
338,L,TTG
339,V,GTG
340,P,CCG
341,G,GGC
342,E,GAG
343,G,GGA
344,A,GCC
345,G,GGC
346,V,GTT
347,G,GGT
348,L,CTG
349,D,GAC
350,G,GGT
351,L,CTG
352,E,GAG
353,K,AAG
354,R,CGC
355,S,TCC
356,L,CTG
357,A,GCC
358,V,GTC
359,G,GGC
360,D,GAC
361,H,CAT
362,V,GTG
363,D,GAC
364,N,AAC
365,F,TTC
366,T,ACG
367,E,GAG
368,T,ACC
369,F,TTC
370,G,GGC
371,G,GGA
372,S,AGT
373,L,CTG
374,E,GAG
375,D,GAT
376,L,CTG
377,V,GTC
378,N,AAT
379,T,ACG
380,F,TTC
381,D,GAC
382,E,GAA
383,K,AAG
384,I,ATA
385,T,ACC
386,K,AAG
387,C,TGT
388,F,TTC
389,G,GGC
390,N,AAC
391,Y,TAC
392,E,GAA
393,E,GAG
394,N,AAC
395,V,GTC
396,E,GAG
397,E,GAG
398,L,CTG
399,A,GCT
400,P,CCG
401,V,GTG
402,Q,CAG
403,V,GTG
404,R,CGC
405,S,AGC
406,Q,CAG
407,E,GAG
408,E,GAG
409,I,ATC
410,M,ATG
411,N,AAC
412,E,GAA
413,C,TGC
414,Q,CAA
415,M,ATG
416,W,TGG
417,W,TGG
418,T,ACC
419,I,ATC
420,T,ACA
421,G,GGA
422,N,AAC
423,F,TTT
424,G,GGC
425,N,AAC
426,I,ATT
427,L,CTG
428,P,CCC
429,I,ATC
430,D,GAC
431,W,TGG
432,S,TCC
433,K,AAG
434,S,TCG
435,Y,TAC
436,T,ACC
437,R,CGT
438,Q,CAG
439,M,ATG
440,H,CAC
441,M,ATG
442,P,CCC
443,T,ACA
444,L,CTG
445,N,AAT
446,L,CTG
447,G,GGC
448,Q,CAG
449,N,AAC
450,H,CAC
451,T,ACG
452,K,AAG
453,Q,CAG
454,Q,CAG
455,Q,CAG
456,Q,CAG
457,N,AAT
458,R,CGC
459,N,AAC
460,Q,CAG
461,Q,CAG
462,Q,CAG
463,Q,CAG
464,L,TTG
465,H,CAC
466,N,AAC
467,Q,CAG
468,S,AGC
469,H,CAT
470,Q,CAG
471,A,GCG
472,Y,TAT
473,P,CCA
474,H,CAC
475,T,ACC
476,N,AAC
477,G,GGT
478,L,TTG
479,G,GGA
480,S,TCC
481,G,GGA
482,S,TCC
483,G,GGA
484,S,TCC
485,G,GGC
486,L,CTG
487,D,GAT
488,A,GCC
489,Q,CAG
490,T,ACT
491,P,CCG
492,G,GGC
493,D,GAT
494,E,GAG
495,F,TTC
496,N,AAC
497,D,GAT
498,L,CTG
499,T,ACC
500,S,AGT
501,E,GAG
502,D,GAC
503,E,GAG
504,A,GCG
505,V,GTG
506,A,GCC
507,N,AAC
508,D,GAT
509,L,TTG
510,D,GAC
511,M,ATG
512,H,CAC
513,A,GCC
514,L,CTC
515,I,ATC
516,L,CTT
517,N,AAC
518,G,GGC
519,L,TTG
520,N,AAC
521,G,GGT
522,D,GAC
523,M,ATG
524,D,GAC
525,D,GAC
526,Q,CAG
527,P,CCG
528,I,ATT
529,K,AAG
530,T,ACG
531,V,GTA
532,E,GAG
533,E,GAG
534,V,GTG
535,I,ATC
536,K,AAG
537,E,GAG
538,I,ATC
539,D,GAC
540,D,GAC
541,I,ATC
542,M,ATG
543,D,GAC
544,E,GAG
545,A,GCC
546,E,GAG
547,S,AGC
548,P,CCG
549,L,CTG
550,D,GAC
551,E,GAG
552,P,CCG
553,E,GAG
554,T,ACC
555,C,TGC
556,D,GAT
557,S,TCG
558,E,GAG
559,V,GTG
560,I,ATC
561,E,GAG
562,K,AAG
563,A,GCG
564,R,CGA
565,E,GAG
566,V,GTG
567,L,CTG
568,G,GGC
569,A,GCC
570,P,CCC
571,L,CTC
572,Y,TAT
573,A,GCG
574,E,GAA
575,K,AAA
576,L,CTG
577,Q,CAA
578,Y,TAT
579,L,CTG
580,T,ACC
581,T,ACG
582,T,ACA
583,Q,CAG
584,L,CTG
585,N,AAC
586,E,GAG
587,L,CTG
588,Y,TAC
589,M,ATG
590,E,GAG
591,M,ATG
592,E,GAG
593,V,GTG
594,L,CTG
595,I,ATC
596,Q,CAG
597,E,GAG
598,L,CTG
599,S,AGC
600,E,GAG
601,T,ACG
602,L,TTG
603,I,ATC
604,N,AAC
605,E,GAG
606,L,CTG
607,A,GCC
608,L,CTG
609,R,CGC
610,D,GAC
611,E,GAG
612,L,CTG
613,E,GAG
614,F,TTC
615,E,GAG
616,K,AAG
617,E,GAG
618,L,CTG
619,K,AAG
620,N,AAC
621,S,TCG
622,F,TTC
623,I,ATC
624,S,TCT
625,L,CTG
626,L,CTC
627,L,CTC
628,A,GCC
629,V,GTT
630,Q,CAG
631,N,AAC
632,K,AAA
633,R,AGG
634,R,CGG
635,Q,CAG
636,Y,TAC
637,H,CAT
638,V,GTG
639,E,GAG
640,K,AAG
641,K,AAG
642,R,CGC
643,G,GGC
644,K,AAG
645,F,TTC
646,Q,CAG
647,G,GGT
648,P,CCC
649,E,GAG
650,P,CCC
651,K,AAG
652,Y,TAC
653,L,TTG
654,T,ACC
655,T,ACA
656,V,GTC
657,I,ATT
658,P,CCG
659,Y,TAT
660,H,CAC
661,L,CTG
662,E,GAG
663,N,AAC
664,G,GGC
665,T,ACG
666,P,CCC
667,N,AAC
668,N,AAT
669,Q,CAG
670,S,TCT
671,L,CTG
672,Q,CAG
673,V,GTC
674,L,CTG
675,I,ATC
676,K,AAG
677,I,ATT
678,L,CTC
679,K,AAG
680,A,GCC
681,I,ATC
682,N,AAC
683,E,GAG
684,D,GAC
685,S,AGC
686,P,CCG
687,T,ACG
688,V,GTT
689,P,CCG
690,A,GCC
691,L,CTC
692,L,CTT
693,T,ACG
694,D,GAC
695,Y,TAC
696,I,ATC
697,L,CTG
698,K,AAG
699,V,GTG
700,L,CTC
701,C,TGC
702,P,CCT
703,T,ACA
704,W,TGG
705,R,CGG
706,P,CCG
707,L,CTG
708,G,GGT
709,G,GGT
710,S,TCT
711,G,GGT
712,G,GGT
713,G,GGT
714,S,TCT
715,G,GGT
716,E,GAA
717,Q,CAA
718,K,AAA
719,L,CTC
720,I,ATC
721,S,TCA
722,E,GAA
723,E,GAG
724,D,GAT
725,L,CTG
726,A,GCG
727,A,GCC
728,A,GCA
729,S,TCG
